{"p_x": 0.7361028126435267, "p_y": 0.040316593281660075, "orien_z": -0.11400879755130036, "orien_w": 0.9934797401461726}